cluster_id,cluster_name,size,percentage,impressions_avg,impressions_vs_global,cost_avg,cost_vs_global,cost_per_impression_avg,cost_per_impression_vs_global,top_terms
0,Productos básicos y abarrotes,1782,41.31694875956411,3.7794612794612794,-79.53752542201238,495325.47699214367,-79.15529106964291,188912.30187808129,-70.60089471317977,"{'ofertas tienda': 4, 'suavitel tienda': 4, 'leche evaporada': 4, 't bone': 3, 'estufa tienda': 3}"
1,Refrigeradores y sistemas de refrigeración,404,9.3670299095757,35.76732673267327,93.64876628507923,5378267.326732674,126.33282999325797,941474.4872060304,46.51511468050453,"{'refrigerador': 10, 'refrigeradores': 10, 'refrigerador 14 pies': 8, 'refrigerador 11 pies': 6, 'refrigeradores en oferta': 5}"
2,Tecnología y computación,241,5.587757941108277,20.66390041493776,11.876933154611446,2470829.875518672,3.979568917740206,565519.874143918,-11.992082270660266,"{'laptop hp': 5, 'tablet': 3, 'laptop tienda': 3, 'laptop': 3, 'laptop hp 15': 2}"
3,Lavadoras y electrodomésticos de lavandería,273,6.329700904242987,33.46153846153846,81.16494110694607,6577728.937728938,176.8095959092395,1009798.8730682125,57.14796279918326,"{'lavadora': 11, 'lavadoras': 8, 'lavadora samsung': 4, 'lavadora doble tina 18 kg': 4, 'lavadora lg 19 kg tienda': 4}"
4,Tiendas minoristas y retailers,651,15.093902156271739,2.2857142857142856,-87.624857881693,3914761.904761905,64.74434735709438,2296894.2376442603,257.4496464966802,"{'tienda en linea': 5, 'walmart': 5, 'licores': 4, 'estufa tienda': 4, 'aurrera': 4}"
5,Bebidas alcohólicas,168,3.895200556457222,12.625,-31.64667595591373,1473392.857142857,-37.9954258890318,368215.97257869557,-42.69711374796399,"{'tequila': 8, 'vodka': 4, 'tequila 1800': 3, 'pinol aromas': 2, 'tequila don julio blanco': 2}"
6,Productos de consumo general y videojuegos,605,14.027359146765592,64.00165289256198,246.5129282790036,3034049.5867768596,27.68146088644845,76536.5657165867,-88.0891475492913,"{'tienda en linea': 18, 'walmart': 11, 'papel higiénico': 7, 'suavitel': 7, 'nintendo switch': 7}"
7,Televisores y pantallas,189,4.382100626014375,10.751322751322752,-41.790998184259706,902169.3121693122,-62.034142010490534,206533.38743495074,-67.85864794362422,"{'pantalla 50 pulgadas': 3, 'roku tv': 2, 'pantalla 40 pulgadas smart tv': 2, 'smart tv daewoo 40 pulgadas': 2, 'pantalla 75 pulgadas': 2}"
